<?xml version="1.0" encoding="utf-8"?>

<EmployeeDetails>
	<Employee>
		<EmployeeCode>1111</EmployeeCode>
		<EmployeeName>
			<FirstName>Seema</FirstName>
			<LastName>Dalvi</LastName>
		</EmployeeName>
		<DOJ>09/08/97</DOJ>
		<TotalExperience>12</TotalExperience>
		<Department>
			<Unit>3d</Unit>
			<Ioc>Mumbai</Ioc>
		</Department>
		<Designation>4</Designation>
		<Sal>21000</Sal>
		<Grade>b</Grade>
	</Employee>
	
	<Employee>
		<EmployeeCode>222</EmployeeCode>
		<EmployeeName>
			<FirstName>Bharati</FirstName>
			<LastName>Mantri</LastName>
		</EmployeeName>
		<DOJ>12/01/99</DOJ>
		<TotalExperience>5</TotalExperience>
		<Department>
			<Unit>4a</Unit>
			<Ioc>Pune</Ioc>
		</Department>
		<Designation>2</Designation>
		<Sal>12000</Sal>
		<Grade>a</Grade>
	</Employee>
</EmployeeDetails>