<?xml version="1.0" encoding="utf-8"?>
<Email_data xmlns:xs="http://www.w3.org/2001/XMLSchema-instance"
xs:noNamespaceSchemaLocation="Problem2.2.xsd">
	<Email1>
		<To>Ramesh1</To>
		<From>Suresh1</From>
		<CC>Ram1</CC>
		<BCC>Shyam1</BCC>
		<Subject>Job</Subject>
		<Body>Hello</Body>
	</Email1>
	
	<Email2>
		<To>Ramesh2</To>
		<From>Suresh2</From>
		<CC>Ram2</CC>
		<BCC>Shyam2</BCC>
		<Subject>Leave</Subject>
		<Body>Namaste</Body>
	</Email2>
	
	<Email3>
		<To>Ramesh3</To>
		<From>Suresh3</From>
		<CC>Ram3</CC>
		<BCC>Shyam3</BCC>
		<Subject>Greetings</Subject>
		<Body>Sayonara</Body>
	</Email3>
	
</Email_data>